week_num,rf_wo_sci,rf_w_sci,rf_diff_from_sci
23,0.7009902364673573,0.7181377679164176,0.017147531449060338
27,0.344478181836103,0.3375601595888124,-0.0069180222472906006
31,0.4307916615976963,0.4292228359062393,-0.0015688256914569987
35,0.3993318214511795,0.39925009907212494,-8.17223790545718e-5
39,0.3708000429005128,0.36483347300994795,-0.005966569890564877
43,0.4046022792197225,0.4052295876515193,6.273084317967581e-4
