week_num,rf_wo_sci,rf_w_sci,rf_diff_from_sci
23,0.7010181866255488,0.6977462685144227,-0.0032719181111261486
27,0.4308608174044392,0.39980245248715657,-0.031058364917282644
31,0.4546717900752959,0.451081035669769,-0.003590754405526919
35,0.45828783578536125,0.4528725072686211,-0.005415328516740148
39,0.47407578794680083,0.4612049403807939,-0.012870847566006927
43,0.5436695407142603,0.5384394183844121,-0.005230122329848208
