week_num,rf_wo_sci,rf_w_sci,rf_diff_from_sci
23,0.768482304493465,0.7304109046579526,-0.03807139983551244
27,0.46486040741135315,0.4346990286207839,-0.030161378790569238
31,0.4576055602949865,0.4526968639466573,-0.004908696348329189
35,0.4719020869580134,0.4613471108389932,-0.010554976119020176
39,0.4877211237593511,0.4711787099033291,-0.01654241385602201
43,0.5482714104132395,0.5426708001397923,-0.00560061027344716
