rmse_glm_no_sci,rmse_glm_sci,diff_glm_rmse,rmse_rf_no_sci,rmse_rf_sci,diff_rf_rmse
2.499950915306782,2.174995461954211,-0.32495545335257114,1.5049933838495801,1.4199875426050643,-0.08500584124451582
1.0889278068483705,1.1886503124213377,0.09972250557296714,0.9110823166306853,0.8357378785226971,-0.07534443810798819
0.7435133274352801,0.7307114941630832,-0.01280183327219686,0.7525618999427088,0.7271928505345243,-0.02536904940818452
0.7413621983945237,0.7144557218794207,-0.026906476515102917,0.7022683743407653,0.6744878716364211,-0.02778050270434418
0.825715933654006,0.7990693793677526,-0.0266465542862534,0.7947929870992628,0.7725595805131376,-0.02223340658612527
0.8861498897901433,0.8613903012267107,-0.024759588563432633,0.8609713618755205,0.8365424759527476,-0.024428885922772925
0.8126375510350489,0.7914606361203731,-0.02117691491467577,0.7997232282365406,0.7835340908223088,-0.01618913741423178
