wo_sci_glm,w_sci_glm,diff_glm,wo_sci_rf,w_sci_rf,diff_rf
0.9902823640241522,0.9729937954881823,-0.017288568535969828,1.0371240087298326,0.9975991824430738,-0.039524826286758796
0.2365895947959758,0.3354040871613084,0.09881449236533257,0.24563923220074524,0.3006982983486581,0.05505906614791284
